"Date","Price","Open","High","Low","Vol.","Change %"
"07/09/2026","25.10","24.40","25.20","24.35","7.98M","2.87%"
"07/08/2026","24.40","23.85","24.55","23.85","19.04M","2.31%"
"07/07/2026","23.85","23.50","23.95","23.00","14.84M","1.49%"
"07/06/2026","23.50","22.60","23.50","22.95","31.00M","3.98%"
"07/03/2026","22.60","22.00","22.70","22.45","15.33M","2.73%"
"07/02/2026","22.00","22.00","23.00","21.90","29.65M","0.00%"
"07/01/2026","22.00","22.00","22.95","21.90","36.84M","0.00%"
"06/30/2026","22.00","22.80","22.80","21.50","66.56M","-3.93%"
"06/29/2026","22.90","22.95","23.00","22.50","290.03M","-0.22%"
"06/26/2026","22.95","23.00","23.00","22.00","33.22M","-0.22%"
"06/25/2026","23.00","23.00","23.00","22.70","39.05M","0.00%"
"06/24/2026","23.00","23.00","23.45","22.80","36.08M","0.00%"
"06/23/2026","23.00","22.80","23.00","22.80","30.71M","0.88%"
"06/22/2026","22.80","22.80","23.00","22.00","39.43M","0.00%"
"06/19/2026","22.80","23.00","23.10","22.75","64.97M","-0.87%"
"06/18/2026","23.00","23.50","24.50","23.00","109.65M","-2.13%"
"06/17/2026","23.50","24.00","24.10","23.50","130.26M","-1.88%"
"06/16/2026","23.95","24.35","24.75","23.95","28.76M","-1.84%"
"06/15/2026","24.40","24.70","24.80","24.00","28.84M","-1.21%"
"06/11/2026","24.70","25.00","25.30","24.00","579.82M","-1.20%"
"06/10/2026","25.00","25.00","26.00","24.85","49.54M","0.00%"
"06/09/2026","25.00","24.50","25.20","24.55","27.32M","2.04%"
"06/08/2026","24.50","25.00","24.95","24.10","20.78M","-2.00%"
"06/05/2026","25.00","24.00","25.00","23.50","44.79M","4.17%"
"06/04/2026","24.00","24.00","24.00","23.50","109.72M","0.00%"
"06/03/2026","24.00","24.00","24.00","23.50","76.69M","0.00%"
"06/02/2026","24.00","24.00","24.30","23.50","113.10M","0.00%"
"06/01/2026","24.00","24.00","24.85","24.00","130.26M","-0.21%"
"05/29/2026","24.05","24.60","24.70","24.00","133.28M","-2.24%"
"05/26/2026","24.60","25.00","24.90","24.20","80.61M","-1.60%"
"05/25/2026","25.00","24.95","25.00","24.50","61.29M","0.20%"
"05/22/2026","24.95","25.00","25.30","24.60","69.67M","-1.38%"
"05/21/2026","25.30","25.30","25.65","25.10","52.23M","0.00%"
"05/20/2026","25.30","25.40","25.75","25.20","55.96M","-0.39%"
"05/19/2026","25.40","25.70","25.80","25.35","88.41M","-1.17%"
"05/18/2026","25.70","25.75","25.95","25.45","42.26M","-0.19%"
"05/15/2026","25.75","25.00","25.90","25.10","51.83M","3.00%"
"05/14/2026","25.00","25.30","25.75","25.00","50.33M","-1.19%"
"05/13/2026","25.30","25.60","26.00","25.30","172.80M","-1.17%"
"05/12/2026","25.60","24.10","26.00","24.15","114.76M","6.22%"
"05/11/2026","24.10","23.60","25.00","23.50","172.27M","2.12%"
"05/08/2026","23.60","23.45","24.20","23.00","104.43M","0.64%"
"05/07/2026","23.45","24.70","24.70","23.20","140.37M","-5.06%"
"05/06/2026","24.70","25.00","25.30","24.55","85.42M","-1.20%"
"05/05/2026","25.00","25.50","25.80","25.00","81.77M","-1.96%"
"05/04/2026","25.50","26.05","26.30","25.00","204.01M","-5.56%"
"04/30/2026","27.00","25.90","27.00","25.75","934.96M","3.85%"
"04/29/2026","26.00","26.00","26.15","25.75","281.31M","0.19%"
"04/28/2026","25.95","26.10","28.00","25.95","243.41M","-7.98%"
"04/27/2026","28.20","28.20","28.20","28.20","39.13M","-9.90%"
"04/24/2026","31.30","32.00","31.95","29.60","75.62M","-2.19%"
"04/23/2026","32.00","30.95","32.00","30.95","39.51M","3.23%"
"04/22/2026","31.00","29.95","32.00","30.20","52.43M","3.51%"
"04/21/2026","29.95","34.50","36.00","29.60","110.81M","-8.83%"
"04/20/2026","32.85","29.90","32.85","30.00","91.65M","9.87%"
"04/17/2026","29.90","27.20","29.90","27.20","90.26M","9.93%"
"04/16/2026","27.20","26.45","27.20","26.30","42.76M","3.03%"
"04/15/2026","26.40","26.45","26.60","26.00","38.14M","-0.19%"
"04/14/2026","26.45","25.90","26.45","25.45","67.53M","4.13%"
"04/13/2026","25.40","26.00","26.00","25.40","54.91M","-2.31%"
"04/10/2026","26.00","26.00","26.35","25.90","52.70M","0.00%"
"04/09/2026","26.00","26.00","26.20","25.95","121.70M","0.00%"
"04/08/2026","26.00","26.00","27.00","25.95","232.98M","0.00%"
"04/07/2026","26.00","26.00","26.00","25.00","125.17M","0.19%"
"04/06/2026","25.95","26.00","25.95","25.95","35.25M","0.00%"
"04/02/2026","25.95","26.00","26.40","25.85","35.25M","-0.19%"
"04/01/2026","26.00","26.00","26.10","25.95","62.89M","0.58%"
"03/31/2026","25.85","26.00","26.00","25.85","27.77M","-0.58%"
"03/30/2026","26.00","26.00","26.00","25.80","86.64M","0.00%"
"03/27/2026","26.00","26.00","26.10","25.85","29.43M","0.00%"
"03/26/2026","26.00","26.05","26.05","25.80","134.59M","-0.19%"
"03/25/2026","26.05","26.00","26.25","26.00","42.77M","0.19%"
"03/24/2026","26.00","26.00","26.40","25.95","83.68M","0.39%"
"03/23/2026","25.90","25.70","26.10","25.70","54.75M","0.78%"
"03/18/2026","25.70","26.00","26.00","25.55","61.45M","-1.15%"
"03/17/2026","26.00","25.30","26.30","25.40","123.85M","2.77%"
"03/16/2026","25.30","24.90","25.35","24.90","69.86M","1.61%"
"03/13/2026","24.90","24.90","25.00","24.90","67.17M","0.00%"
"03/12/2026","24.90","25.00","25.50","24.80","28.12M","-0.40%"
"03/11/2026","25.00","25.00","25.30","24.90","59.03M","0.00%"
"03/10/2026","25.00","25.00","25.10","24.95","80.26M","0.00%"
"03/09/2026","25.00","25.95","25.85","24.50","48.27M","-3.66%"
"03/06/2026","25.95","26.00","26.25","25.90","43.21M","-0.19%"
"03/05/2026","26.00","26.00","26.15","26.00","29.74M","0.00%"
"03/04/2026","26.00","26.50","26.50","25.90","46.39M","-1.89%"
"03/03/2026","26.50","25.95","26.50","25.70","32.72M","2.12%"
"03/02/2026","25.95","26.50","26.15","25.75","30.70M","-2.08%"
"02/27/2026","26.50","26.20","26.85","26.30","44.77M","1.15%"
"02/26/2026","26.20","26.60","26.60","26.00","66.91M","-1.50%"
"02/25/2026","26.60","27.00","27.00","26.00","63.10M","-1.48%"
"02/24/2026","27.00","25.85","27.20","25.85","97.87M","4.45%"
"02/23/2026","25.85","25.90","26.00","25.70","26.57M","-0.19%"
"02/20/2026","25.90","26.00","26.30","25.85","21.61M","-0.38%"
"02/19/2026","26.00","25.00","26.00","24.55","51.89M","4.00%"
"02/18/2026","25.00","25.75","25.75","24.90","34.77M","-2.91%"
"02/17/2026","25.75","27.50","28.00","25.25","103.49M","-4.63%"
"02/16/2026","27.00","24.80","27.00","25.00","86.72M","8.87%"
"02/13/2026","24.80","24.15","24.90","24.05","28.15M","2.69%"
"02/12/2026","24.15","24.00","24.40","23.90","52.05M","0.62%"
"02/11/2026","24.00","24.10","24.40","23.80","61.36M","-0.41%"
"02/10/2026","24.10","23.05","25.00","23.05","135.53M","3.88%"
"02/09/2026","23.20","23.00","23.25","22.95","67.14M","0.87%"
"02/06/2026","23.00","23.00","23.45","22.85","57.24M","0.00%"
"02/05/2026","23.00","22.80","23.55","22.80","106.63M","0.88%"
"02/04/2026","22.80","22.75","22.80","22.60","21.88M","0.22%"
"02/03/2026","22.75","22.55","22.75","22.50","32.22M","0.89%"
"02/02/2026","22.55","22.40","22.70","22.40","18.67M","-0.22%"
"01/30/2026","22.60","22.95","22.95","22.60","30.98M","-0.88%"
"01/29/2026","22.80","22.60","23.10","22.50","18.34M","0.88%"
"01/28/2026","22.60","22.50","23.00","22.40","33.36M","0.44%"
"01/27/2026","22.50","22.05","22.80","22.35","26.46M","2.04%"
"01/26/2026","22.05","22.40","22.70","22.05","34.35M","-1.56%"
"01/23/2026","22.40","22.05","22.90","22.05","22.76M","1.59%"
"01/22/2026","22.05","22.95","22.95","22.00","54.28M","-3.92%"
"01/21/2026","22.95","22.90","22.95","22.80","40.11M","0.22%"
"01/20/2026","22.90","23.00","23.00","22.85","30.22M","0.00%"
"01/19/2026","22.90","22.75","23.65","22.85","52.88M","0.66%"
"01/16/2026","22.75","22.80","23.10","22.75","30.52M","-0.22%"
"01/15/2026","22.80","22.95","24.40","22.80","78.41M","-0.65%"
"01/14/2026","22.95","22.95","23.50","22.90","53.41M","0.00%"
"01/13/2026","22.95","23.00","23.50","22.85","86.23M","-0.22%"
"01/12/2026","23.00","22.65","23.00","22.75","28.87M","1.55%"
"01/09/2026","22.65","22.60","23.00","22.60","27.93M","0.22%"
"01/08/2026","22.60","22.90","24.10","22.60","35.52M","-1.31%"
"01/07/2026","22.90","23.50","23.75","22.75","29.74M","-2.55%"
"01/06/2026","23.50","25.00","25.00","23.30","48.73M","-6.00%"
"01/05/2026","25.00","23.00","25.00","22.10","34.72M","8.70%"
"01/02/2026","23.00","21.00","23.00","21.90","14.28M","9.52%"
"12/31/2025","21.00","21.35","21.90","21.00","57.60M","-1.64%"
"12/30/2025","21.35","21.00","22.40","21.00","75.07M","1.67%"
"12/29/2025","21.00","20.50","21.00","20.50","594.38M","2.44%"
"12/24/2025","20.50","20.50","20.75","20.50","38.18M","0.00%"
"12/23/2025","20.50","20.50","20.80","20.45","49.77M","0.00%"
"12/22/2025","20.50","20.50","20.95","20.50","27.32M","0.00%"
"12/19/2025","20.50","20.95","21.00","20.50","22.64M","-2.15%"
"12/18/2025","20.95","20.80","21.00","20.60","29.60M","0.72%"
"12/17/2025","20.80","20.10","20.90","20.05","41.51M","4.00%"
"12/16/2025","20.00","20.00","20.15","20.00","385.83M","0.00%"
"12/15/2025","20.00","20.05","20.60","20.00","67.93M","-0.50%"
"12/12/2025","20.10","20.20","20.35","20.05","106.07M","-0.50%"
"12/11/2025","20.20","20.20","20.50","20.20","156.32M","-0.49%"
"12/10/2025","20.30","20.50","20.60","20.20","44.14M","-2.87%"
"12/09/2025","20.90","20.50","21.00","20.40","183.56M","-0.71%"
"12/08/2025","21.05","21.50","21.75","21.00","28.58M","-2.09%"
"12/05/2025","21.50","21.00","22.30","20.70","46.09M","2.87%"
"12/04/2025","20.90","21.00","21.00","20.60","17.70M","-0.48%"
"12/03/2025","21.00","20.90","21.00","20.50","54.41M","0.48%"
"12/02/2025","20.90","21.00","21.00","20.50","310.25M","-0.48%"
"12/01/2025","21.00","21.00","22.45","20.80","93.92M","0.00%"
"11/28/2025","21.00","21.00","21.05","20.80","103.29M","0.00%"
"11/27/2025","21.00","20.80","21.00","20.85","14.44M","0.96%"
"11/26/2025","20.80","20.70","21.05","20.60","110.52M","0.48%"
"11/25/2025","20.70","20.80","20.90","20.55","81.76M","-0.48%"
"11/24/2025","20.80","20.50","20.80","20.45","21.88M","1.46%"
"11/21/2025","20.50","21.00","20.95","20.05","128.69M","-2.38%"
"11/20/2025","21.00","21.65","21.50","20.95","17.94M","-3.00%"
"11/19/2025","21.65","22.00","22.50","21.50","488.36M","-1.59%"
"11/18/2025","22.00","22.25","22.50","22.00","15.47M","-1.12%"
"11/17/2025","22.25","23.00","22.75","22.15","8.80M","-3.26%"
"11/14/2025","23.00","23.00","23.00","22.00","132.62M","0.00%"
"11/13/2025","23.00","22.00","23.70","22.05","50.89M","4.55%"
"11/12/2025","22.00","22.00","22.00","21.05","35.93M","10.00%"
"11/11/2025","20.00","21.80","21.70","19.90","56.28M","-8.26%"
"11/10/2025","21.80","22.00","21.95","21.65","22.81M","-0.91%"
"11/07/2025","22.00","22.50","22.10","21.65","23.37M","-2.22%"
"11/06/2025","22.50","23.00","23.00","21.35","32.33M","-2.17%"
"11/05/2025","23.00","23.00","23.50","23.00","39.42M","0.00%"
"11/04/2025","23.00","23.70","23.05","22.90","26.05M","-2.95%"
"11/03/2025","23.70","24.45","24.30","22.50","68.16M","-3.07%"
"10/31/2025","24.45","23.00","24.45","23.00","46.60M","6.30%"
"10/30/2025","23.00","23.15","23.70","23.00","15.24M","-0.65%"
"10/29/2025","23.15","23.10","23.30","23.05","38.64M","0.22%"
"10/28/2025","23.10","23.65","24.00","23.00","24.31M","-2.33%"
"10/27/2025","23.65","22.80","24.50","22.80","68.92M","-5.40%"
"10/24/2025","25.00","24.95","25.40","24.50","23.75M","0.20%"
"10/23/2025","24.95","24.45","25.00","24.50","32.61M","2.04%"
"10/22/2025","24.45","25.00","25.25","24.40","59.42M","-2.20%"
"10/21/2025","25.00","25.45","25.75","25.00","37.36M","-1.77%"
"10/20/2025","25.45","25.65","25.95","25.45","42.41M","-0.78%"
"10/17/2025","25.65","25.80","25.95","25.65","50.39M","-0.58%"
"10/16/2025","25.80","25.75","26.00","25.60","40.34M","0.19%"
"10/15/2025","25.75","25.90","26.00","25.70","19.21M","-0.58%"
"10/14/2025","25.90","26.15","26.15","25.80","30.16M","-0.96%"
"10/13/2025","26.15","26.00","26.20","26.05","13.71M","0.58%"
"10/10/2025","26.00","26.00","26.00","25.95","14.72M","0.00%"
"10/09/2025","26.00","26.20","26.30","26.00","15.78M","-0.76%"
"10/08/2025","26.20","26.00","26.50","26.00","15.11M","0.77%"
"10/07/2025","26.00","26.00","26.25","26.00","45.86M","0.00%"
"10/06/2025","26.00","26.50","27.00","25.85","19.17M","-1.89%"
"10/03/2025","26.50","25.80","26.95","25.80","71.74M","2.71%"
"10/02/2025","25.80","25.65","26.00","25.65","11.52M","0.58%"
"09/30/2025","25.65","25.70","25.70","25.60","10.48M","-0.19%"
"09/29/2025","25.70","25.85","26.45","25.70","13.20M","-0.58%"
"09/26/2025","25.85","25.50","25.95","25.30","20.58M","1.37%"
"09/25/2025","25.50","24.90","25.70","25.00","25.20M","2.41%"
"09/24/2025","24.90","25.00","25.00","24.75","47.31M","0.40%"
"09/23/2025","24.80","26.10","26.00","24.55","19.77M","-4.98%"
"09/22/2025","26.10","25.90","26.10","25.90","10.57M","0.77%"
"09/19/2025","25.90","26.95","26.95","25.25","29.41M","-4.07%"
"09/18/2025","27.00","27.10","27.40","27.00","37.24M","-0.37%"
"09/17/2025","27.10","27.10","27.35","27.05","17.48M","0.00%"
"09/16/2025","27.10","27.00","27.40","27.00","11.51M","0.37%"
"09/15/2025","27.00","26.80","27.05","26.65","37.70M","0.75%"
"09/12/2025","26.80","26.45","26.95","26.40","40.96M","1.32%"
"09/11/2025","26.45","26.50","26.50","26.40","25.32M","-0.19%"
"09/10/2025","26.50","25.90","26.50","26.00","40.28M","2.32%"
"09/09/2025","25.90","25.70","26.00","25.70","26.12M","0.78%"
"09/08/2025","25.70","25.90","25.90","25.70","22.39M","-0.77%"
"09/04/2025","25.90","25.60","26.25","25.90","18.44M","1.17%"
"09/03/2025","25.60","25.85","25.85","25.50","43.03M","-0.97%"
"09/02/2025","25.85","26.20","26.25","25.85","29.78M","-1.34%"
"09/01/2025","26.20","26.50","27.00","26.10","31.95M","-1.13%"
"08/29/2025","26.50","27.00","27.00","26.40","26.85M","-1.85%"
"08/28/2025","27.00","27.20","27.50","26.95","102.18M","-0.74%"
"08/27/2025","27.20","27.50","27.60","27.05","39.34M","-1.09%"
"08/26/2025","27.50","27.45","27.50","27.20","21.44M","0.18%"
"08/25/2025","27.45","27.00","27.45","27.05","15.69M","1.67%"
"08/22/2025","27.00","26.95","27.10","26.65","26.59M","0.19%"
"08/21/2025","26.95","27.40","27.40","26.40","30.33M","-1.64%"
"08/20/2025","27.40","27.45","27.50","27.30","18.85M","-0.18%"
"08/19/2025","27.45","27.50","27.55","27.35","38.08M","-0.18%"
"08/18/2025","27.50","27.95","27.75","27.30","30.16M","-1.61%"
"08/15/2025","27.95","27.65","28.00","27.75","10.81M","1.08%"
"08/14/2025","27.65","27.60","28.00","27.60","46.41M","0.18%"
"08/13/2025","27.60","27.55","27.80","27.50","84.99M","0.18%"
"08/12/2025","27.55","27.60","27.75","27.50","61.09M","-0.54%"
"08/11/2025","27.70","27.60","27.70","27.50","28.76M","0.36%"
"08/08/2025","27.60","27.40","27.95","27.50","55.01M","0.73%"
"08/07/2025","27.40","27.50","27.65","27.40","49.75M","-0.36%"
"08/06/2025","27.50","27.35","27.85","27.30","56.24M","0.55%"
"08/05/2025","27.35","27.80","28.15","27.20","36.72M","-1.62%"
"08/04/2025","27.80","28.00","28.15","27.50","28.29M","-0.71%"
"08/01/2025","28.00","28.35","28.50","28.00","32.72M","0.36%"
"07/31/2025","27.90","28.00","28.20","27.90","43.29M","1.09%"
"07/30/2025","27.60","27.20","27.90","27.45","43.05M","1.47%"
"07/29/2025","27.20","27.30","27.80","27.05","36.81M","-0.37%"
"07/28/2025","27.30","27.70","28.95","27.30","29.06M","-1.44%"
"07/25/2025","27.70","28.50","28.50","27.50","42.42M","-2.81%"
"07/24/2025","28.50","28.50","28.95","28.35","65.00M","0.00%"
"07/23/2025","28.50","27.50","28.50","27.35","98.62M","3.64%"
"07/22/2025","27.50","26.50","27.60","26.30","102.88M","3.77%"
"07/21/2025","26.50","26.90","26.90","26.20","61.73M","-1.30%"
"07/18/2025","26.85","27.45","28.00","26.55","113.80M","-2.19%"
"07/17/2025","27.45","27.00","28.50","26.90","168.10M","2.43%"
"07/16/2025","26.80","24.90","26.95","25.15","124.64M","7.63%"
"07/14/2025","24.90","24.60","26.20","24.50","138.03M","0.40%"
"07/11/2025","24.80","23.45","24.90","23.20","172.92M","7.36%"
"07/10/2025","23.10","22.25","23.30","22.35","174.22M","3.82%"
"07/09/2025","22.25","22.10","22.45","22.20","83.04M","0.68%"
"07/08/2025","22.10","22.05","22.45","22.00","124.25M","0.23%"
"07/07/2025","22.05","22.50","22.60","22.00","42.02M","-2.00%"
"07/04/2025","22.50","22.50","23.00","22.50","43.63M","0.00%"
"07/03/2025","22.50","23.10","23.50","22.50","62.62M","-2.60%"
"07/02/2025","23.10","22.90","23.15","22.55","30.71M","0.87%"
"07/01/2025","22.90","22.10","23.00","22.00","19.77M","3.62%"
"06/30/2025","22.10","22.10","22.70","21.80","328.38M","0.00%"
"06/27/2025","22.10","22.65","22.30","22.10","56.02M","-2.43%"
"06/26/2025","22.65","23.10","23.25","22.00","76.19M","-1.95%"
"06/25/2025","23.10","22.80","23.35","22.80","48.59M","1.32%"
"06/24/2025","22.80","22.40","22.95","22.40","55.60M","1.79%"
"06/23/2025","22.40","21.90","22.40","22.15","37.93M","2.28%"
"06/20/2025","21.90","21.80","22.45","21.75","23.56M","0.46%"
"06/19/2025","21.80","20.95","22.25","21.15","35.99M","4.06%"
"06/18/2025","20.95","20.05","21.80","20.05","48.64M","4.49%"
"06/17/2025","20.05","20.50","21.00","20.00","64.22M","-2.20%"
"06/16/2025","20.50","20.15","21.45","20.15","92.70M","-8.28%"
"06/13/2025","22.35","22.25","22.50","22.35","22.82M","0.45%"
"06/11/2025","22.25","22.10","22.75","22.20","35.05M","0.68%"
"06/10/2025","22.10","23.20","23.40","22.00","88.30M","-4.74%"
"06/05/2025","23.20","22.00","23.20","21.90","26.26M","5.45%"
"06/04/2025","22.00","21.85","22.45","21.85","38.76M","0.69%"
"06/03/2025","21.85","22.00","22.25","21.65","34.51M","-0.68%"
"06/02/2025","22.00","22.00","22.20","21.50","55.17M","0.00%"
"05/30/2025","22.00","22.00","22.15","21.80","53.97M","0.00%"
"05/29/2025","22.00","22.25","22.35","22.00","22.91M","-0.45%"
"05/28/2025","22.10","22.00","22.10","22.00","22.41M","0.45%"
"05/27/2025","22.00","21.95","22.00","21.75","23.69M","0.23%"
"05/26/2025","21.95","21.60","22.10","21.70","35.93M","1.62%"
"05/23/2025","21.60","21.50","22.10","21.50","26.90M","0.47%"
"05/22/2025","21.50","21.85","22.50","21.50","27.74M","-1.60%"
"05/21/2025","21.85","22.80","22.90","21.85","35.10M","-4.17%"
"05/20/2025","22.80","23.00","23.30","22.60","18.35M","-0.87%"
"05/19/2025","23.00","23.50","23.65","23.00","45.12M","-2.13%"
"05/16/2025","23.50","22.30","23.50","22.30","32.05M","6.82%"
"05/15/2025","22.00","21.45","22.35","21.30","10.45M","2.56%"
"05/14/2025","21.45","21.30","21.45","21.30","51.90M","0.70%"
"05/13/2025","21.30","21.30","21.45","21.25","36.79M","0.00%"
"05/12/2025","21.30","21.30","21.50","21.30","29.43M","0.00%"
"05/09/2025","21.30","21.80","21.80","21.30","45.17M","-2.29%"
"05/08/2025","21.80","21.55","22.25","21.65","65.76M","1.16%"
"05/07/2025","21.55","21.25","21.70","21.40","21.20M","1.41%"
"05/06/2025","21.25","21.05","21.65","21.00","103.92M","0.95%"
"05/05/2025","21.05","21.90","21.85","21.05","42.91M","-3.88%"
"05/02/2025","21.90","22.00","22.30","21.50","52.82M","-2.67%"
"04/30/2025","22.50","22.00","23.00","22.00","25.04M","-6.44%"
"04/29/2025","24.05","23.70","24.10","23.80","35.57M","1.48%"
"04/28/2025","23.70","23.80","24.00","23.70","60.87M","-0.42%"
"04/25/2025","23.80","23.90","24.00","23.70","40.56M","-0.42%"
"04/24/2025","23.90","23.70","24.10","23.70","48.50M","0.84%"
"04/23/2025","23.70","22.65","23.75","22.90","30.55M","4.64%"
"04/22/2025","22.65","22.10","22.80","22.15","38.61M","2.49%"
"04/17/2025","22.10","21.50","22.20","21.45","32.86M","2.79%"
"04/16/2025","21.50","21.75","22.45","21.40","68.20M","0.47%"
"04/15/2025","21.40","20.75","21.60","20.50","28.05M","3.13%"
"04/14/2025","20.75","20.45","20.75","20.30","55.99M","1.47%"
"04/11/2025","20.45","20.75","20.90","20.35","73.22M","-1.45%"
"04/10/2025","20.75","21.00","22.50","20.50","77.86M","-1.19%"
"04/09/2025","21.00","21.00","21.30","20.00","51.38M","0.00%"
"04/08/2025","21.00","20.55","21.45","20.05","56.50M","2.19%"
"04/07/2025","20.55","22.60","22.65","20.50","31.83M","-9.27%"
"04/04/2025","22.65","22.50","22.65","22.40","16.36M","0.44%"
"04/03/2025","22.55","22.65","22.70","22.20","22.83M","-0.44%"
"04/02/2025","22.65","21.95","22.80","21.95","15.04M","1.34%"
"03/28/2025","22.35","22.00","22.35","21.70","24.75M","1.59%"
"03/27/2025","22.00","22.50","22.65","21.95","64.96M","-2.22%"
"03/26/2025","22.50","22.45","22.75","22.00","43.79M","0.22%"
"03/25/2025","22.45","22.50","22.90","22.00","36.60M","-0.22%"
"03/24/2025","22.50","22.10","23.00","22.00","37.23M","1.81%"
"03/21/2025","22.10","22.00","22.35","21.95","38.33M","0.45%"
"03/20/2025","22.00","22.40","22.65","21.80","20.98M","-1.79%"
"03/19/2025","22.40","23.20","23.10","22.40","30.61M","-3.45%"
"03/18/2025","23.20","23.35","23.45","23.00","36.76M","-0.64%"
"03/17/2025","23.35","23.40","23.50","23.35","10.56M","-0.21%"
"03/14/2025","23.40","23.65","23.95","23.40","30.70M","-1.06%"
"03/13/2025","23.65","23.90","23.95","23.65","29.16M","-1.05%"
"03/12/2025","23.90","23.95","23.95","23.80","15.53M","-0.21%"
"03/11/2025","23.95","24.40","25.50","23.85","28.35M","-1.84%"
"03/10/2025","24.40","23.85","24.70","23.50","30.42M","2.31%"
"03/07/2025","23.85","23.95","24.00","23.50","31.50M","-0.42%"
"03/06/2025","23.95","24.00","24.00","23.50","43.87M","-0.21%"
"03/05/2025","24.00","24.10","24.45","23.55","35.60M","-0.41%"
"03/04/2025","24.10","24.95","24.95","24.10","18.18M","-3.41%"
"03/03/2025","24.95","25.60","25.70","24.95","16.88M","-2.54%"
"02/28/2025","25.60","25.70","25.75","25.60","28.63M","-0.39%"
"02/27/2025","25.70","25.70","26.35","25.65","31.21M","0.00%"
"02/26/2025","25.70","25.65","25.70","25.60","36.55M","0.19%"
"02/25/2025","25.65","25.80","25.80","25.60","36.85M","-0.58%"
"02/24/2025","25.80","26.50","26.50","25.80","15.51M","-2.64%"
"02/21/2025","26.50","26.90","26.80","26.10","16.77M","-1.49%"
"02/20/2025","26.90","27.50","27.40","26.90","13.62M","-2.18%"
"02/19/2025","27.50","27.75","27.70","27.35","65.10M","-0.90%"
"02/18/2025","27.75","28.10","28.15","27.20","54.77M","-1.25%"
"02/17/2025","28.10","28.15","28.25","28.00","143.65M","-0.18%"
"02/14/2025","28.15","28.15","28.20","28.05","29.71M","0.00%"
"02/13/2025","28.15","28.10","28.30","28.05","17.26M","0.18%"
"02/12/2025","28.10","28.10","28.50","28.00","19.59M","0.00%"
"02/11/2025","28.10","28.00","28.10","27.80","38.73M","0.36%"
"02/10/2025","28.00","28.00","28.90","27.80","40.21M","0.00%"
"02/07/2025","28.00","27.60","28.00","27.60","23.64M","1.45%"
"02/06/2025","27.60","27.80","28.15","27.35","61.59M","-0.72%"
"02/05/2025","27.80","26.15","27.80","26.45","473.22M","6.31%"
"02/04/2025","26.15","26.00","26.25","26.00","9.82M","0.58%"
"02/03/2025","26.00","26.00","26.10","26.00","15.40M","0.00%"
"01/31/2025","26.00","26.30","26.45","26.00","19.70M","-1.14%"
"01/30/2025","26.30","26.70","26.65","26.20","20.51M","-1.50%"
"01/29/2025","26.70","27.00","27.00","26.70","16.20M","-1.11%"
"01/28/2025","27.00","27.80","27.90","26.60","43.99M","-2.88%"
"01/27/2025","27.80","25.30","27.80","25.60","50.99M","9.88%"
"01/24/2025","25.30","24.70","25.70","25.00","32.15M","2.43%"
"01/23/2025","24.70","24.55","25.00","24.55","24.34M","0.61%"
"01/22/2025","24.55","24.20","24.65","24.25","91.99M","1.45%"
"01/21/2025","24.20","24.10","24.50","24.00","44.04M","0.41%"
"01/20/2025","24.10","24.15","24.45","24.10","14.51M","-0.21%"
"01/17/2025","24.15","24.55","24.50","24.00","49.13M","-1.63%"
"01/16/2025","24.55","24.55","24.55","24.40","27.33M","0.00%"
"01/15/2025","24.55","24.55","24.65","24.50","16.84M","0.00%"
"01/14/2025","24.55","24.45","24.70","24.50","17.32M","0.41%"
"01/13/2025","24.45","24.50","24.80","24.45","13.73M","-0.20%"
"01/10/2025","24.50","25.00","25.20","24.50","33.90M","-0.81%"
"01/09/2025","24.70","24.50","24.95","24.50","11.67M","0.82%"
"01/08/2025","24.50","24.75","24.85","24.35","25.46M","-1.01%"
"01/07/2025","24.75","25.00","26.50","24.50","47.05M","-1.00%"
"01/06/2025","25.00","24.50","25.05","24.60","54.33M","2.04%"
"01/03/2025","24.50","24.10","24.55","24.30","19.47M","1.66%"
"01/02/2025","24.10","23.85","24.40","24.00","17.82M","1.05%"
"12/31/2024","23.85","24.00","24.15","23.85","30.26M","-0.62%"
"12/30/2024","24.00","24.00","24.20","23.95","46.57M","0.00%"
"12/27/2024","24.00","24.70","24.80","24.00","35.44M","-2.83%"
"12/24/2024","24.70","24.50","24.75","24.50","10.00M","0.61%"
"12/23/2024","24.55","24.00","24.65","24.00","18.41M","2.29%"
"12/20/2024","24.00","24.00","24.80","24.00","23.06M","0.00%"
"12/19/2024","24.00","23.90","24.00","23.85","14.80M","0.42%"
"12/18/2024","23.90","23.60","24.00","23.50","7.67M","1.27%"
"12/17/2024","23.60","24.00","24.00","23.55","10.95M","-1.67%"
"12/16/2024","24.00","24.15","24.05","23.90","20.48M","-0.62%"
"12/13/2024","24.15","24.00","25.00","24.10","17.09M","0.62%"
"12/12/2024","24.00","24.05","24.00","23.70","7.82M","-0.21%"
"12/11/2024","24.05","24.15","24.20","24.05","13.66M","-0.41%"
"12/10/2024","24.15","24.10","24.30","23.00","15.36M","0.21%"
"12/09/2024","24.10","24.80","24.75","24.10","51.06M","-2.82%"
"12/06/2024","24.80","24.05","24.80","24.00","15.99M","3.12%"
"12/05/2024","24.05","24.50","24.40","24.05","35.62M","-1.84%"
"12/04/2024","24.50","24.00","24.50","24.00","41.02M","2.08%"
"12/03/2024","24.00","23.95","24.20","24.00","27.90M","0.21%"
"12/02/2024","23.95","23.20","23.95","23.00","53.63M","3.23%"
"11/29/2024","23.20","23.10","23.35","23.00","6.21M","0.43%"
"11/28/2024","23.10","23.00","23.15","22.80","20.57M","0.43%"
"11/27/2024","23.00","22.60","23.00","22.45","24.25M","1.77%"
"11/26/2024","22.60","23.00","23.50","22.60","13.45M","-1.74%"
"11/25/2024","23.00","22.90","23.20","22.50","9.90M","0.44%"
"11/22/2024","22.90","23.00","22.95","22.65","9.00M","-0.43%"
"11/21/2024","23.00","23.80","23.70","23.00","10.58M","-3.36%"
"11/20/2024","23.80","23.90","23.95","23.70","22.99M","-0.42%"
"11/19/2024","23.90","24.00","24.10","23.50","37.84M","-0.42%"
"11/18/2024","24.00","24.75","24.70","24.00","31.66M","-3.03%"
"11/15/2024","24.75","24.70","25.00","24.60","33.34M","0.20%"
"11/14/2024","24.70","24.75","25.30","24.40","60.36M","-0.20%"
"11/13/2024","24.75","24.10","24.75","24.25","40.00M","2.70%"
"11/12/2024","24.10","24.00","24.25","23.80","25.91M","0.42%"
"11/11/2024","24.00","24.65","24.55","23.80","24.60M","-2.64%"
"11/08/2024","24.65","24.40","24.80","24.15","54.54M","1.02%"
"11/07/2024","24.40","24.10","24.55","24.00","28.61M","1.24%"
"11/06/2024","24.10","23.60","24.45","23.50","44.40M","2.12%"
"11/05/2024","23.60","22.50","23.95","22.50","17.87M","4.89%"
"11/04/2024","22.50","22.10","22.50","22.00","26.14M","1.81%"
"11/01/2024","22.10","22.05","22.50","22.00","12.26M","0.23%"
"10/31/2024","22.05","21.80","22.15","21.80","19.84M","1.15%"
"10/30/2024","21.80","21.55","22.00","21.70","10.81M","1.16%"
"10/29/2024","21.55","22.60","22.50","21.50","15.72M","-4.65%"
"10/28/2024","22.60","22.05","23.00","22.20","22.22M","2.49%"
"10/25/2024","22.05","22.10","23.80","21.50","28.20M","-0.23%"
"10/24/2024","22.10","20.10","22.10","20.10","30.40M","9.95%"
"10/23/2024","20.10","20.00","20.10","19.95","17.57M","0.50%"
"10/22/2024","20.00","20.00","20.05","19.90","9.64M","0.00%"
"10/21/2024","20.00","20.00","20.05","19.95","29.95M","0.00%"
"10/18/2024","20.00","20.00","21.00","19.95","27.43M","0.00%"
"10/17/2024","20.00","19.80","20.00","19.80","16.30M","1.01%"
"10/16/2024","19.80","19.85","20.00","19.60","5.10M","-0.25%"
"10/15/2024","19.85","19.60","20.70","19.60","45.95M","1.28%"
"10/14/2024","19.60","19.95","19.95","19.55","15.43M","-0.51%"
"10/11/2024","19.70","19.45","19.80","19.60","68.26M","1.29%"
"10/10/2024","19.45","19.60","19.70","19.40","18.46M","-0.77%"
"10/09/2024","19.60","19.70","19.90","19.60","12.60M","-0.76%"
"10/08/2024","19.75","19.55","19.75","19.55","25.43M","1.02%"
"10/07/2024","19.55","20.00","19.90","19.50","23.36M","-2.25%"
"10/04/2024","20.00","19.55","20.00","19.75","12.42M","0.00%"
"10/03/2024","20.00","19.75","20.00","19.60","11.50M","1.27%"
"10/02/2024","19.75","20.60","20.60","19.75","15.99M","-4.13%"
"09/30/2024","20.60","19.50","21.20","19.65","34.89M","5.64%"
"09/27/2024","19.50","19.50","19.65","19.50","11.44M","0.00%"
"09/26/2024","19.50","19.50","19.55","19.40","26.99M","0.00%"
"09/25/2024","19.50","19.35","19.60","19.40","17.38M","0.78%"
"09/24/2024","19.35","19.00","19.50","19.00","16.43M","1.84%"
"09/23/2024","19.00","19.00","19.00","18.75","25.09M","0.00%"
"09/20/2024","19.00","19.60","19.60","19.00","4.77M","-3.06%"
"09/19/2024","19.60","19.50","19.60","19.40","12.45M","0.51%"
"09/18/2024","19.50","19.10","19.50","19.30","11.84M","2.09%"
"09/17/2024","19.10","19.25","19.20","19.10","9.56M","-0.78%"
"09/13/2024","19.25","18.70","19.25","18.80","7.23M","2.94%"
"09/12/2024","18.70","18.40","18.80","18.40","80.05M","1.63%"
"09/11/2024","18.40","18.00","18.40","18.20","28.48M","2.22%"
"09/10/2024","18.00","18.55","18.95","18.00","30.38M","-2.96%"
"09/09/2024","18.55","18.80","19.00","18.55","9.00M","-1.33%"
"09/06/2024","18.80","18.95","19.00","18.80","14.92M","-0.79%"
"09/05/2024","18.95","19.10","19.05","18.95","11.46M","-0.79%"
"09/04/2024","19.10","19.50","19.25","18.95","14.81M","-2.05%"
"09/03/2024","19.50","19.20","19.50","19.00","106.28M","1.56%"
"09/02/2024","19.20","19.00","19.45","19.15","36.63M","1.05%"
"08/30/2024","19.00","19.00","19.00","18.70","12.38M","0.00%"
"08/29/2024","19.00","19.00","19.10","18.85","46.89M","0.00%"
"08/28/2024","19.00","19.15","19.20","19.00","18.73M","-0.78%"
"08/27/2024","19.15","19.00","19.25","18.90","55.97M","0.79%"
"08/26/2024","19.00","19.95","19.55","19.00","14.87M","-4.76%"
"08/23/2024","19.95","19.00","19.95","18.95","36.85M","5.00%"
"08/22/2024","19.00","19.00","19.05","18.95","22.68M","0.00%"
"08/21/2024","19.00","18.95","19.00","18.90","16.51M","0.26%"
"08/20/2024","18.95","19.00","19.00","18.85","20.29M","-0.26%"
"08/19/2024","19.00","19.15","19.20","18.90","24.70M","-0.78%"
"08/16/2024","19.15","19.30","19.30","19.10","9.56M","0.26%"
"08/15/2024","19.10","19.35","19.25","19.10","10.41M","-1.29%"
"08/14/2024","19.35","19.30","19.40","19.30","9.22M","0.26%"
"08/13/2024","19.30","19.50","19.50","19.30","66.30M","-0.52%"
"08/12/2024","19.40","19.60","19.60","19.40","38.30M","-1.02%"
"08/09/2024","19.60","19.00","19.80","19.10","24.24M","3.16%"
"08/08/2024","19.00","18.75","19.10","18.85","115.98M","1.33%"
"08/07/2024","18.75","18.60","18.80","18.50","112.62M","0.81%"
"08/06/2024","18.60","18.60","18.65","18.50","30.96M","0.00%"
"08/05/2024","18.60","18.60","18.70","18.55","18.83M","0.00%"
"08/02/2024","18.60","18.35","18.80","18.55","5.04M","1.36%"
"08/01/2024","18.35","18.30","18.55","18.30","15.76M","0.27%"
"07/31/2024","18.30","18.35","18.45","18.20","19.97M","-0.27%"
"07/30/2024","18.35","18.50","18.95","18.35","17.18M","-0.81%"
"07/29/2024","18.50","18.75","18.75","18.40","23.89M","0.00%"
"07/26/2024","18.50","19.00","19.00","18.50","30.52M","-2.63%"
"07/25/2024","19.00","19.15","19.25","18.90","23.31M","-0.78%"
"07/24/2024","19.15","19.30","19.35","19.00","72.82M","-1.03%"
"07/23/2024","19.35","19.40","19.40","19.25","20.40M","-0.26%"
"07/22/2024","19.40","19.40","19.40","19.30","11.18M","0.00%"
"07/19/2024","19.40","19.40","19.50","19.30","17.02M","0.00%"
"07/18/2024","19.40","19.35","19.50","19.35","18.56M","0.26%"
"07/17/2024","19.35","19.25","19.80","19.35","30.05M","0.52%"
"07/16/2024","19.25","19.20","19.30","19.20","36.75M","0.26%"
"07/15/2024","19.20","19.35","19.35","19.15","44.50M","0.79%"
"07/12/2024","19.05","19.05","19.25","19.05","26.16M","0.00%"
"07/11/2024","19.05","19.25","19.35","19.05","23.23M","-1.04%"
"07/10/2024","19.25","19.35","19.40","19.25","13.59M","-0.52%"
"07/09/2024","19.35","19.70","19.70","19.30","10.91M","-1.28%"
"07/08/2024","19.60","19.20","19.70","19.20","15.22M","2.08%"
"07/05/2024","19.20","19.85","19.90","19.20","22.69M","-3.03%"
"07/04/2024","19.80","19.50","19.80","19.50","13.48M","1.54%"
"07/03/2024","19.50","19.50","19.70","19.50","14.88M","0.00%"
"07/02/2024","19.50","19.00","19.60","19.00","12.89M","2.63%"
"07/01/2024","19.00","18.95","19.15","18.95","6.64M","0.26%"
"06/28/2024","18.95","19.00","19.00","18.95","20.04M","-0.26%"
"06/27/2024","19.00","18.80","19.05","18.90","39.71M","1.06%"
"06/26/2024","18.80","18.75","19.10","18.70","45.34M","0.27%"
"06/25/2024","18.75","18.80","18.75","18.55","26.98M","-0.27%"
"06/24/2024","18.80","19.00","19.00","18.75","7.47M","-1.05%"
"06/21/2024","19.00","19.00","19.20","19.00","5.82M","0.00%"
"06/20/2024","19.00","19.00","19.00","18.70","23.36M","0.00%"
"06/19/2024","19.00","18.65","19.25","18.90","12.64M","1.88%"
"06/14/2024","18.65","19.00","19.05","18.65","19.24M","-1.84%"
"06/13/2024","19.00","19.30","19.30","19.00","58.53M","-1.55%"
"06/11/2024","19.30","18.95","19.60","18.85","51.90M","1.85%"
"06/10/2024","18.95","18.75","18.95","18.10","93.07M","9.86%"
"06/07/2024","17.25","17.20","17.30","17.15","81.03M","0.29%"
"06/06/2024","17.20","17.15","17.20","17.15","42.38M","0.29%"
"06/05/2024","17.15","17.15","17.20","17.10","8.27M","0.00%"
"06/04/2024","17.15","17.15","17.20","17.15","16.33M","0.00%"
"06/03/2024","17.15","17.20","17.40","17.15","46.32M","-0.29%"
"05/31/2024","17.20","17.20","17.25","17.20","43.41M","0.00%"
"05/30/2024","17.20","17.15","17.25","17.15","51.78M","0.29%"
"05/29/2024","17.15","17.00","17.25","17.00","80.99M","0.88%"
"05/28/2024","17.00","16.95","17.20","16.95","81.94M","0.29%"
"05/27/2024","16.95","16.40","17.00","16.70","176.23M","3.35%"
"05/24/2024","16.40","16.50","16.55","16.30","15.52M","-0.61%"
"05/23/2024","16.50","17.00","17.00","16.45","17.16M","-2.94%"
"05/22/2024","17.00","16.95","17.45","16.90","35.58M","0.29%"
"05/21/2024","16.95","17.00","17.10","16.95","27.52M","-0.29%"
"05/20/2024","17.00","17.00","17.25","16.90","201.31M","0.00%"
"05/17/2024","17.00","16.95","17.10","16.90","25.61M","0.29%"
"05/16/2024","16.95","17.20","17.15","16.80","24.18M","-1.45%"
"05/15/2024","17.20","17.30","17.30","17.15","24.17M","-0.58%"
"05/14/2024","17.30","17.35","17.40","17.25","33.23M","0.00%"
"05/13/2024","17.30","17.40","18.00","17.30","43.05M","-0.57%"
"05/10/2024","17.40","17.50","17.60","17.40","39.59M","-0.57%"
"05/09/2024","17.50","17.35","17.70","17.35","24.00M","0.86%"
"05/08/2024","17.35","17.70","17.60","17.35","34.07M","-1.98%"
"05/07/2024","17.70","17.95","18.00","17.70","49.18M","-1.39%"
"05/06/2024","17.95","17.40","18.50","17.65","98.24M","3.16%"
"05/03/2024","17.40","17.50","18.40","17.00","151.80M","-0.57%"
"05/02/2024","17.50","16.85","17.80","17.40","54.47M","3.86%"
"04/30/2024","16.85","16.95","17.25","16.85","42.87M","-0.59%"
"04/29/2024","16.95","16.60","17.45","16.60","18.79M","2.11%"
"04/26/2024","16.60","16.00","16.90","16.00","28.55M","3.75%"
"04/25/2024","16.00","16.05","16.25","16.00","39.88M","-0.31%"
"04/24/2024","16.05","16.05","16.70","16.05","22.30M","0.00%"
"04/23/2024","16.05","16.80","17.00","15.95","51.47M","-4.46%"
"04/22/2024","16.80","17.05","17.25","16.80","48.07M","-1.18%"
"04/19/2024","17.00","17.00","17.20","16.80","34.34M","-1.45%"
"04/18/2024","17.25","17.40","17.55","17.20","43.98M","-0.86%"
"04/17/2024","17.40","16.95","18.00","17.25","44.99M","2.65%"
"04/16/2024","16.95","18.50","18.50","16.70","62.93M","-8.63%"
"04/15/2024","18.55","19.30","19.50","18.55","24.62M","-3.89%"
"04/12/2024","19.30","20.70","21.05","19.00","44.31M","-14.22%"
"04/08/2024","22.50","22.60","23.00","22.30","32.26M","-0.44%"
"04/05/2024","22.60","23.00","23.10","22.55","46.82M","-1.74%"
"04/04/2024","23.00","23.95","23.80","23.00","40.88M","-3.97%"
"04/03/2024","23.95","25.00","25.00","23.95","50.00M","-4.20%"
"04/02/2024","25.00","24.90","25.75","24.50","68.89M","2.04%"
"03/28/2024","24.50","24.00","24.90","24.05","56.74M","2.08%"
"03/27/2024","24.00","23.10","24.15","23.00","83.60M","3.90%"
"03/26/2024","23.10","23.60","25.00","23.10","33.32M","-2.12%"
"03/25/2024","23.60","24.00","23.95","23.60","15.28M","-1.67%"
"03/22/2024","24.00","23.60","24.10","23.90","75.78M","1.69%"
"03/21/2024","23.60","22.95","24.00","22.90","32.02M","2.83%"
"03/20/2024","22.95","23.00","23.05","22.80","17.97M","-0.22%"
"03/19/2024","23.00","23.00","23.70","23.00","28.09M","0.00%"
"03/18/2024","23.00","23.00","23.60","23.00","14.41M","0.00%"
"03/15/2024","23.00","23.35","23.15","22.50","11.75M","-1.50%"
"03/14/2024","23.35","23.60","24.00","23.20","25.27M","1.52%"
"03/13/2024","23.00","22.45","23.95","22.45","18.24M","2.45%"
"03/12/2024","22.45","20.50","22.55","20.55","48.57M","9.51%"
"03/11/2024","20.50","20.15","21.00","20.35","48.09M","1.74%"
"03/08/2024","20.15","20.00","20.15","19.80","23.28M","0.75%"
"03/07/2024","20.00","20.65","20.40","20.00","9.48M","-3.15%"
"03/06/2024","20.65","20.85","20.95","20.65","11.62M","-0.96%"
"03/05/2024","20.85","20.85","20.90","20.00","18.47M","0.00%"
"03/04/2024","20.85","21.10","21.30","20.70","12.39M","-0.95%"
"03/01/2024","21.05","20.45","21.05","20.00","31.77M","9.92%"
"02/29/2024","19.15","17.45","19.15","16.10","26.87M","9.74%"
"02/28/2024","17.45","19.35","18.90","17.45","35.29M","-9.82%"
"02/27/2024","19.35","20.05","20.30","19.35","30.56M","-3.49%"
"02/26/2024","20.05","20.95","20.60","20.05","10.97M","-4.30%"
"02/23/2024","20.95","21.05","21.10","20.90","20.27M","-0.48%"
"02/22/2024","21.05","21.60","21.90","21.00","14.49M","-2.55%"
"02/21/2024","21.60","22.20","21.95","21.10","8.03M","-2.70%"
"02/20/2024","22.20","22.50","22.85","21.90","8.33M","-1.33%"
"02/19/2024","22.50","22.50","22.90","22.50","15.77M","0.00%"
"02/16/2024","22.50","23.00","23.00","22.00","19.26M","-2.17%"
"02/15/2024","23.00","23.60","23.65","23.00","10.17M","-2.54%"
"02/14/2024","23.60","23.30","24.15","23.25","46.05M","1.29%"
"02/13/2024","23.30","23.20","23.30","23.00","6.07M","0.43%"
"02/12/2024","23.20","22.50","23.40","22.50","24.90M","-6.26%"
"02/09/2024","24.75","24.25","26.00","24.70","16.20M","2.06%"
"02/08/2024","24.25","25.00","25.00","22.70","31.21M","-3.58%"
"02/07/2024","25.15","25.50","25.15","24.95","17.69M","-1.37%"
"02/06/2024","25.50","26.00","25.70","25.25","15.28M","-1.92%"
"02/05/2024","26.00","27.00","27.20","26.00","19.00M","-3.70%"
"02/02/2024","27.00","24.95","27.40","26.50","38.82M","8.22%"
"02/01/2024","24.95","22.70","24.95","20.50","27.22M","9.91%"
"01/31/2024","22.70","25.20","25.50","22.70","43.49M","-9.92%"
"01/30/2024","25.20","28.00","28.00","25.20","46.81M","-10.00%"
"01/29/2024","28.00","28.60","28.90","28.00","34.11M","-2.10%"
"01/26/2024","28.60","28.50","28.85","28.45","17.91M","0.35%"
"01/25/2024","28.50","28.70","28.90","28.50","27.50M","0.35%"
"01/24/2024","28.40","28.75","28.75","28.20","14.19M","-1.22%"
"01/23/2024","28.75","29.20","29.15","28.00","47.17M","-1.54%"
"01/22/2024","29.20","30.00","29.95","28.40","40.01M","-2.67%"
"01/19/2024","30.00","29.50","30.00","28.05","21.78M","1.69%"
"01/18/2024","29.50","29.60","30.70","28.90","42.83M","-0.34%"
"01/17/2024","29.60","29.80","29.80","29.00","31.67M","-0.67%"
"01/16/2024","29.80","28.60","30.20","28.45","25.40M","4.20%"
"01/15/2024","28.60","28.00","28.65","27.80","23.17M","2.14%"
"01/12/2024","28.00","28.15","29.00","28.00","44.98M","-0.53%"
"01/11/2024","28.15","27.85","29.00","26.55","54.11M","1.08%"
"01/10/2024","27.85","29.90","29.90","26.75","116.65M","-6.23%"
"01/09/2024","29.70","27.40","30.10","27.40","85.21M","8.39%"
"01/08/2024","27.40","26.00","27.50","26.00","28.11M","3.20%"
"01/05/2024","26.55","25.00","27.45","25.00","28.17M","6.20%"
"01/04/2024","25.00","25.90","26.20","25.00","34.27M","-3.47%"
"01/03/2024","25.90","23.55","25.90","23.95","46.87M","9.98%"
"01/02/2024","23.55","23.15","23.70","23.30","16.03M","1.73%"
"12/29/2023","23.15","23.15","23.15","22.95","17.63M","0.00%"
"12/28/2023","23.15","23.20","23.50","22.95","23.42M","-0.22%"
"12/27/2023","23.20","23.20","24.50","23.00","15.25M","0.00%"
"12/22/2023","23.20","23.30","23.75","23.10","20.44M","-0.43%"
"12/21/2023","23.30","22.90","23.45","23.00","65.80M","1.75%"
"12/20/2023","22.90","22.60","22.95","22.60","59.71M","1.33%"
"12/19/2023","22.60","22.00","22.60","22.00","27.57M","2.73%"
"12/18/2023","22.00","22.25","22.25","22.00","15.55M","-0.90%"
"12/15/2023","22.20","22.80","23.00","22.15","11.60M","-2.63%"
"12/14/2023","22.80","22.05","23.00","22.05","77.25M","3.40%"
"12/13/2023","22.05","20.40","22.05","20.60","60.18M","8.09%"
"12/12/2023","20.40","20.20","20.40","20.05","18.80M","0.99%"
"12/11/2023","20.20","20.25","20.40","20.00","30.37M","-0.25%"
"12/08/2023","20.25","20.00","20.45","19.95","13.64M","1.25%"
"12/07/2023","20.00","21.10","21.50","19.80","34.65M","-5.21%"
"12/06/2023","21.10","19.35","21.25","19.40","64.18M","9.04%"
"12/05/2023","19.35","18.20","19.35","18.25","19.98M","6.32%"
"12/04/2023","18.20","18.05","18.20","18.00","8.22M","0.83%"
"12/01/2023","18.05","18.00","18.05","17.95","23.90M","0.28%"
"11/30/2023","18.00","17.90","18.00","17.70","23.33M","0.56%"
"11/29/2023","17.90","18.00","18.00","17.90","15.91M","-0.56%"
"11/28/2023","18.00","18.10","18.10","17.90","52.36M","-0.55%"
"11/27/2023","18.10","17.35","18.35","17.50","81.51M","4.32%"
"11/24/2023","17.35","17.25","17.40","17.25","12.30M","0.58%"
"11/23/2023","17.25","17.25","17.35","17.25","8.75M","0.00%"
"11/22/2023","17.25","17.25","17.30","17.20","12.61M","0.00%"
"11/21/2023","17.25","17.20","17.25","17.20","12.29M","0.29%"
"11/20/2023","17.20","17.30","17.25","17.20","27.58M","-0.58%"
"11/17/2023","17.30","17.25","17.30","17.25","8.13M","0.29%"
"11/16/2023","17.25","17.25","17.35","17.25","8.24M","0.00%"
"11/15/2023","17.25","17.20","17.30","17.20","10.57M","0.29%"
"11/14/2023","17.20","17.30","17.35","17.20","18.40M","-0.58%"
"11/13/2023","17.30","17.35","17.35","17.25","10.09M","-0.29%"
"11/10/2023","17.35","17.30","17.40","17.30","6.90M","0.29%"
"11/09/2023","17.30","17.35","17.35","17.20","10.72M","-0.29%"
"11/08/2023","17.35","17.20","17.35","17.20","4.21M","0.87%"
"11/07/2023","17.20","17.20","17.40","17.10","10.21M","0.00%"
"11/06/2023","17.20","17.20","17.25","17.20","19.50M","0.00%"
"11/03/2023","17.20","17.40","17.40","17.20","9.48M","-1.15%"
"11/02/2023","17.40","17.90","17.90","17.30","24.55M","-2.79%"
"11/01/2023","17.90","17.15","17.90","17.20","36.69M","4.37%"
"10/31/2023","17.15","17.15","17.15","17.05","27.44M","0.00%"
"10/30/2023","17.15","16.95","17.15","16.95","17.00M","1.18%"
"10/27/2023","16.95","16.95","16.95","16.75","14.95M","0.00%"
"10/26/2023","16.95","16.85","17.00","16.85","20.56M","0.59%"
"10/25/2023","16.85","16.55","17.10","16.55","43.19M","1.81%"
"10/24/2023","16.55","16.55","16.60","16.45","50.78M","0.00%"
"10/23/2023","16.55","16.45","16.65","16.30","40.35M","0.61%"
"10/20/2023","16.45","16.35","16.50","16.05","11.24M","0.61%"
"10/19/2023","16.35","16.75","16.80","16.30","22.17M","-2.39%"
"10/18/2023","16.75","16.95","16.90","16.75","35.61M","-1.18%"
"10/17/2023","16.95","16.15","16.95","16.75","33.32M","4.95%"
"10/16/2023","16.15","15.85","16.20","15.80","9.43M","1.89%"
"10/13/2023","15.85","15.75","15.85","15.80","23.51M","0.63%"
"10/12/2023","15.75","15.70","15.85","15.75","54.48M","0.32%"
"10/11/2023","15.70","15.75","15.75","15.65","38.97M","-0.32%"
"10/10/2023","15.75","15.95","15.95","15.70","31.09M","-1.25%"
"10/09/2023","15.95","16.05","16.05","15.95","29.17M","-0.62%"
"10/06/2023","16.05","15.85","16.20","15.90","29.69M","-0.62%"
"10/05/2023","16.15","16.10","16.30","16.00","15.53M","0.31%"
"10/04/2023","16.10","16.05","16.20","16.05","15.48M","0.31%"
"10/03/2023","16.05","15.75","16.05","15.95","19.92M","1.90%"
"09/29/2023","15.75","15.50","15.85","15.55","21.04M","1.61%"
"09/28/2023","15.50","15.55","15.75","15.45","45.88M","-0.32%"
"09/26/2023","15.55","15.70","16.00","15.50","49.97M","0.00%"
"09/25/2023","15.55","15.55","16.40","15.55","113.39M","-9.86%"
"09/22/2023","17.25","16.90","17.30","16.90","33.01M","2.07%"
"09/21/2023","16.90","17.20","17.30","16.90","40.14M","-1.74%"
"09/20/2023","17.20","17.40","17.45","17.20","32.53M","-1.15%"
"09/19/2023","17.40","17.45","17.45","17.35","23.62M","-0.29%"
"09/18/2023","17.45","17.20","17.95","17.20","40.19M","1.45%"
"09/15/2023","17.20","17.00","17.25","16.70","16.61M","1.18%"
"09/14/2023","17.00","16.85","17.00","16.50","28.67M","0.89%"
"09/13/2023","16.85","16.85","16.85","16.85","63.56M","9.77%"
"09/12/2023","15.35","16.00","16.00","14.45","69.45M","-4.06%"
"09/11/2023","16.00","17.50","17.40","16.00","57.67M","-8.57%"
"09/08/2023","17.50","17.40","17.50","17.35","36.25M","0.57%"
"09/07/2023","17.40","17.25","17.50","17.35","20.80M","0.87%"
"09/06/2023","17.25","17.25","17.45","17.00","18.53M","0.00%"
"09/05/2023","17.25","17.65","17.55","17.15","42.11M","-2.27%"
"09/04/2023","17.65","18.50","18.80","17.65","50.60M","2.62%"
"09/01/2023","17.20","16.60","17.40","16.70","34.55M","3.61%"
"08/31/2023","16.60","16.50","16.60","16.35","11.89M","0.61%"
"08/30/2023","16.50","16.55","16.55","16.00","26.65M","-0.30%"
"08/29/2023","16.55","16.00","16.80","16.00","25.35M","3.44%"
"08/28/2023","16.00","16.55","16.55","16.00","43.70M","-3.32%"
"08/25/2023","16.55","16.25","16.65","16.20","8.29M","1.85%"
"08/24/2023","16.25","16.80","16.70","15.85","54.73M","-3.27%"
"08/23/2023","16.80","16.85","16.90","16.80","6.90M","-0.30%"
"08/22/2023","16.85","17.05","17.10","16.85","36.16M","-1.17%"
"08/21/2023","17.05","17.00","17.05","16.95","7.28M","0.29%"
"08/18/2023","17.00","16.70","17.00","16.70","14.97M","1.80%"
"08/17/2023","16.70","16.85","16.90","16.65","16.49M","-0.89%"
"08/16/2023","16.85","16.95","17.00","16.75","11.07M","-0.59%"
"08/15/2023","16.95","17.15","17.05","16.90","17.67M","-1.17%"
"08/14/2023","17.15","17.35","17.35","17.15","18.16M","-1.15%"
"08/11/2023","17.35","17.50","17.50","17.35","16.30M","-0.86%"
"08/10/2023","17.50","17.45","17.50","17.35","12.30M","0.29%"
"08/09/2023","17.45","17.50","17.50","17.35","6.02M","-0.29%"
"08/08/2023","17.50","17.30","17.50","17.30","49.36M","1.16%"
"08/07/2023","17.30","17.10","17.50","17.25","17.10M","1.17%"
"08/04/2023","17.10","17.45","17.30","17.00","22.65M","-2.01%"
"08/03/2023","17.45","16.55","17.95","16.65","32.99M","5.44%"
"08/02/2023","16.55","16.60","16.60","16.40","20.70M","-0.30%"
"08/01/2023","16.60","17.00","17.00","16.25","21.48M","-2.35%"
"07/31/2023","17.00","17.50","17.20","17.00","26.23M","-2.86%"
"07/28/2023","17.50","17.35","17.50","17.05","44.16M","0.86%"
"07/27/2023","17.35","17.15","17.90","17.35","15.95M","1.17%"
"07/26/2023","17.15","18.00","18.10","17.15","55.24M","-4.72%"
"07/25/2023","18.00","17.95","18.40","18.00","19.62M","0.28%"
"07/24/2023","17.95","18.40","18.50","17.00","18.71M","-2.18%"
"07/21/2023","18.35","17.00","18.35","17.00","88.03M","9.88%"
"07/20/2023","16.70","16.60","16.80","16.60","14.95M","0.60%"
"07/19/2023","16.60","16.70","16.80","16.40","13.68M","-0.60%"
"07/18/2023","16.70","16.40","17.90","16.70","49.54M","1.83%"
"07/17/2023","16.40","14.95","16.40","15.30","51.05M","9.70%"
"07/14/2023","14.95","15.65","17.00","14.50","94.16M","-4.47%"
"07/13/2023","15.65","17.30","17.30","15.65","38.77M","-9.54%"
"07/12/2023","17.30","18.05","18.00","16.55","65.45M","-4.16%"
"07/11/2023","18.05","18.90","18.60","18.00","36.03M","-4.50%"
"07/10/2023","18.90","18.75","19.85","18.60","52.41M","0.80%"
"07/07/2023","18.75","18.35","18.90","18.40","24.52M","2.18%"
"07/06/2023","18.35","17.90","18.35","17.70","56.48M","2.51%"
"07/05/2023","17.90","17.15","18.45","17.10","85.91M","4.37%"
"07/04/2023","17.15","18.25","18.25","17.10","77.85M","-6.03%"
"07/03/2023","18.25","16.60","18.25","16.95","132.52M","9.94%"
"06/30/2023","16.60","15.80","16.60","15.90","255.06M","5.06%"
"06/27/2023","15.80","15.25","15.95","15.20","111.67M","3.61%"
"06/26/2023","15.25","14.95","15.35","15.00","74.60M","2.01%"
"06/23/2023","14.95","14.90","15.00","14.80","23.17M","0.34%"
"06/22/2023","14.90","14.90","14.95","14.70","32.87M","0.00%"
"06/21/2023","14.90","14.85","15.00","14.80","27.44M","0.34%"
"06/20/2023","14.85","14.80","15.00","14.80","31.38M","0.34%"
"06/19/2023","14.80","14.25","15.00","14.25","16.75M","3.86%"
"06/16/2023","14.25","14.25","15.00","13.80","41.02M","0.00%"
"06/15/2023","14.25","15.70","17.25","14.20","121.54M","-9.24%"
"06/14/2023","15.70","14.30","15.70","14.25","92.79M","9.79%"
"06/13/2023","14.30","13.05","14.30","13.05","72.11M","10.00%"
"06/09/2023","13.00","12.85","13.00","12.80","40.10M","1.17%"
"06/08/2023","12.85","12.75","12.95","12.80","32.10M","0.78%"
"06/07/2023","12.75","12.50","12.80","12.60","23.02M","2.00%"
"06/06/2023","12.50","12.55","12.70","12.35","39.91M","-0.40%"
"06/05/2023","12.55","12.40","12.55","12.05","46.23M","1.21%"
"06/02/2023","12.40","12.20","12.40","12.10","55.68M","1.64%"
"06/01/2023","12.20","12.30","12.35","12.00","51.31M","-0.81%"
"05/31/2023","12.30","12.35","12.75","11.60","98.73M","-0.40%"
"05/30/2023","12.35","11.40","12.50","11.40","199.62M","8.33%"
"05/26/2023","11.40","11.00","11.50","11.00","51.49M","3.64%"
"05/25/2023","11.00","11.15","11.15","10.75","67.39M","-1.35%"
"05/24/2023","11.15","10.55","11.25","10.50","69.19M","6.19%"
"05/23/2023","10.50","10.15","10.50","10.15","19.48M","3.45%"
"05/22/2023","10.15","10.20","10.40","9.90","48.03M","-0.49%"
"05/19/2023","10.20","10.15","10.30","10.10","40.94M","0.49%"
"05/18/2023","10.15","10.10","10.15","10.10","64.69M","0.50%"
"05/17/2023","10.10","10.15","10.20","9.70","112.83M","-0.49%"
"05/16/2023","10.15","10.05","10.25","10.05","62.42M","1.50%"
"05/15/2023","10.00","9.90","10.05","9.75","125.06M","1.01%"
"05/12/2023","9.90","10.20","10.15","9.60","170.03M","-2.94%"
"05/11/2023","10.20","10.60","10.60","10.10","169.32M","-3.77%"
"05/10/2023","10.60","10.10","10.75","10.30","139.29M","-7.02%"
"05/09/2023","11.40","11.70","11.70","11.10","129.73M","-1.30%"
"05/08/2023","11.55","11.25","11.65","11.25","167.61M","2.67%"
"05/05/2023","11.25","10.70","11.30","10.60","168.78M","5.14%"
"05/04/2023","10.70","10.50","11.15","10.45","219.37M","1.90%"
"05/03/2023","10.50","10.40","10.50","10.15","174.40M","0.96%"
"05/02/2023","10.40","10.10","10.60","10.05","150.07M","2.46%"
"04/28/2023","10.15","10.00","10.35","9.55","82.78M","1.50%"
"04/27/2023","10.00","10.35","10.50","10.00","1.23B","-3.38%"
"04/26/2023","10.35","10.60","10.60","10.35","60.51M","-2.36%"
"04/25/2023","10.60","10.75","10.80","10.20","217.42M","7.07%"
"04/20/2023","9.90","9.90","9.90","9.15","152.14M","10.00%"
"04/19/2023","9.00","8.85","9.00","8.90","1.48M","1.69%"
"04/18/2023","8.85","8.90","8.85","8.85","815.80K","-0.56%"
"04/17/2023","8.90","8.85","8.90","8.80","3.36M","0.56%"
"04/14/2023","8.85","8.80","8.95","8.70","3.96M","0.57%"
"04/13/2023","8.80","8.70","8.90","8.75","5.45M","1.15%"
"04/12/2023","8.70","8.75","8.75","8.65","4.06M","-0.57%"
"04/11/2023","8.75","8.95","8.95","8.65","6.09M","-2.23%"
"04/06/2023","8.95","9.00","9.00","8.95","12.12M","-0.56%"
"04/05/2023","9.00","9.00","9.00","9.00","3.95M","0.00%"
"04/04/2023","9.00","9.00","9.00","8.95","20.31M","0.00%"
"04/03/2023","9.00","9.00","9.00","8.95","17.08M","0.00%"
"03/31/2023","9.00","9.00","9.00","8.95","4.11M","0.00%"
"03/30/2023","9.00","8.95","9.00","8.90","2.51M","0.56%"
"03/29/2023","8.95","8.70","8.95","8.65","3.00M","2.87%"
"03/28/2023","8.70","8.65","8.70","8.65","3.17M","0.58%"
"03/27/2023","8.65","8.65","8.75","8.65","3.14M","0.00%"
"03/24/2023","8.65","8.70","8.70","8.65","5.44M","-0.57%"
"03/23/2023","8.70","8.90","8.85","8.70","2.54M","-2.25%"
"03/22/2023","8.90","8.90","8.95","8.90","4.07M","0.00%"
"03/21/2023","8.90","9.00","9.05","8.90","4.85M","-1.11%"
"03/20/2023","9.00","8.40","9.00","8.45","13.03M","7.14%"
"03/17/2023","8.40","8.60","8.65","8.40","14.66M","-2.33%"
"03/16/2023","8.60","9.00","8.70","8.60","7.63M","-4.44%"
"03/15/2023","9.00","9.00","9.00","9.00","2.93M","0.00%"
"03/14/2023","9.00","9.05","9.10","9.00","6.91M","-0.55%"
"03/13/2023","9.05","9.15","9.15","9.05","13.55M","-1.09%"
"03/10/2023","9.15","9.15","9.15","9.10","6.59M","0.00%"
"03/09/2023","9.15","9.15","9.15","9.10","4.66M","0.00%"
"03/08/2023","9.15","9.15","9.20","9.10","4.49M","0.00%"
"03/07/2023","9.15","9.30","9.30","9.15","9.38M","-1.61%"
"03/06/2023","9.30","9.35","9.30","9.25","5.87M","-0.53%"
"03/03/2023","9.35","9.30","9.35","9.30","2.55M","0.54%"
"03/02/2023","9.30","9.60","9.40","9.15","18.65M","-3.13%"
"03/01/2023","9.60","9.55","9.60","9.50","19.42M","0.52%"
"02/28/2023","9.55","9.30","9.60","9.25","6.33M","2.69%"
"02/27/2023","9.30","9.20","9.30","9.15","3.25M","1.09%"
"02/24/2023","9.20","9.15","9.20","9.10","10.93M","0.55%"
"02/23/2023","9.15","9.10","9.15","9.15","1.01M","0.55%"
"02/22/2023","9.10","9.05","9.10","9.10","5.65M","0.55%"
"02/21/2023","9.05","9.20","9.10","9.05","11.07M","-1.63%"
"02/20/2023","9.20","9.20","9.20","9.15","4.10M","0.00%"
"02/17/2023","9.20","9.25","9.30","9.20","13.59M","-0.54%"
"02/16/2023","9.25","9.25","9.30","9.25","4.52M","0.00%"
"02/15/2023","9.25","9.25","9.25","9.20","5.50M","0.00%"
"02/14/2023","9.25","9.15","9.25","9.20","11.37M","1.09%"
"02/13/2023","9.15","9.10","9.15","9.10","14.74M","0.55%"
"02/10/2023","9.10","9.10","9.15","9.10","7.56M","0.00%"
"02/09/2023","9.10","9.10","9.10","9.10","3.22M","0.00%"
"02/08/2023","9.10","9.15","9.10","9.10","5.74M","-0.55%"
"02/07/2023","9.15","9.20","9.20","9.15","2.53M","-0.54%"
"02/06/2023","9.20","9.20","9.30","9.20","2.77M","0.00%"
"02/03/2023","9.20","9.05","9.20","9.05","12.54M","1.66%"
"02/02/2023","9.05","9.10","9.10","9.05","3.60M","-0.55%"
"02/01/2023","9.10","9.10","9.10","9.05","5.35M","0.00%"
"01/31/2023","9.10","9.05","9.10","9.05","11.57M","0.55%"
"01/30/2023","9.05","9.00","9.15","9.05","3.65M","0.56%"
"01/27/2023","9.00","9.40","9.35","9.00","2.87M","-4.26%"
"01/26/2023","9.40","9.00","9.40","9.10","15.38M","4.44%"
"01/25/2023","9.00","9.05","9.00","9.00","1.61M","-0.55%"
"01/24/2023","9.05","8.95","9.10","8.95","17.30M","1.12%"
"01/23/2023","8.95","9.05","9.00","8.95","8.72M","-1.10%"
"01/20/2023","9.05","9.05","9.10","9.00","11.35M","0.00%"
"01/19/2023","9.05","9.00","9.10","9.00","7.68M","0.56%"
"01/18/2023","9.00","8.95","9.05","9.00","9.13M","0.56%"
"01/17/2023","8.95","8.95","9.10","8.95","7.70M","0.00%"
"01/16/2023","8.95","9.30","9.30","8.95","12.71M","-3.76%"
"01/13/2023","9.30","9.30","9.35","9.30","5.09M","0.00%"
"01/12/2023","9.30","9.15","9.35","9.25","7.17M","1.64%"
"01/11/2023","9.15","9.00","9.20","9.00","13.47M","1.67%"
"01/10/2023","9.00","9.00","9.00","8.95","8.85M","0.00%"
"01/09/2023","9.00","9.00","9.60","9.00","10.32M","0.00%"
"01/06/2023","9.00","8.80","9.00","8.90","13.72M","2.27%"
"01/05/2023","8.80","8.75","8.85","8.75","11.35M","0.57%"
"01/04/2023","8.75","8.80","8.85","8.65","22.96M","-0.57%"
"01/03/2023","8.80","8.50","8.85","8.55","6.75M","3.53%"